Marfinite;ORGANIZACAO
Brasil;LOCAL
Brasil;LOCAL
Turquia;LOCAL
Pentagono;ORGANIZACAO
Marfinite;ORGANIZACAO
Brasil;LOCAL
Ronaldo Goldone;PESSOA
Niteroi Rugby;ORGANIZACAO
Hugo Domenech;PESSOA
Universidade Jaume de Castellon;ORGANIZACAO
1956;TEMPO
Amilcar Cabral;PESSOA
Partido Africano;ORGANIZACAO
Amilcar Cabral Antonio;PESSOA
Fontes de a AIPAN;OBRA
Antonio Fontes;PESSOA
USP;ORGANIZACAO
Universidade de Sao Paulo;ORGANIZACAO
O Presidente em exercicio de o Conselho;OBRA
Conselho;ORGANIZACAO
Legiao da Boa Vontade;ORGANIZACAO
Portugal;LOCAL
